{"cameraMode":{"drawMode":0,"name":"Shaded","section":"Shading Mode"},"sceneLighting":true,"audioPlay":false,"sceneViewState":{"m_AlwaysRefresh":false,"showFog":true,"showSkybox":true,"showFlares":true,"showImageEffects":true,"showParticleSystems":true,"showVisualEffectGraphs":true,"m_FxEnabled":false},"in2DMode":false,"pivot":{"x":-15.141443252563477,"y":-27.860275268554689,"z":39.731849670410159},"rotation":{"x":0.32332733273506167,"y":-0.23911841213703156,"z":0.08480927348136902,"w":0.9116931557655335},"size":38.53215408325195,"orthographic":false}